keyword,source,seed
global internship program,google,Global internship
global internship,google,Global internship
global internship program 2025,google,Global internship
global internship program japan,google,Global internship
global internships for college students,google,Global internship
global internship opportunities,google,Global internship
global internship program kpmg,google,Global internship
global internship program hennge,google,Global internship
global internship research program,google,Global internship
global internship program deloitte,google,Global internship
global internship program,bing,Global internship
global internships,bing,Global internship
global internship program japan,bing,Global internship
global internship program kpmg,bing,Global internship
global internship&career expo 2025,bing,Global internship
global internship conference,bing,Global internship
global internship program 2025,bing,Global internship
global internship program ifc,bing,Global internship
global internship tcs,bing,Global internship
global internship program 2024,bing,Global internship
global internship award,bing,Global internship
global internship program ucla,bing,Global internship
global internship program,youtube,Global internship
global internship,youtube,Global internship
global internship program south korea,youtube,Global internship
launched global internship,youtube,Global internship
hennge global internship,youtube,Global internship
tata global internship,youtube,Global internship
tata global internship 2025,youtube,Global internship
hennge global internship program,youtube,Global internship
kpmg global internship program,youtube,Global internship
hyundai global internship,youtube,Global internship
